<?xml version="1.0" encoding="UTF-8"?>
<!DOCTYPE mapper PUBLIC "-//mybatis.org//DTD Mapper 3.0//EN"
"http://mybatis.org/dtd/mybatis-3-mapper.dtd">
	
<mapper namespace="com.oracle.mapper.FoodMapper">
    
    <select id="selectAllFood" resultType="com.oracle.pojo.Food">
        select * from foods
    </select>

    <delete id="deleteFood" parameterType="String">
        delete from foods where bid = #{bid}
    </delete>

    <select id="selectFood" resultType="com.oracle.pojo.Food">
        select * from foods
    </select>

    <update id="updateFood" parameterType="com.oracle.pojo.Food" >
        update foods
        <set>
            <if test="#{ bid != null}">bid=#{bid},</if>
            <if test="#{ bid != null}">price=#{price},</if>
            <if test="#{ bid != null}">type=#{type}</if>

        </set>
        where name = #{name}
    </update>

    <insert id="insertFood" parameterType="com.oracle.pojo.Food">
        insert into foods values ()
    </insert>

    <select id="selectAFood" parameterType="String" resultType="com.oracle.pojo.Food">
        select * from foods where bid = #{bid}
    </select>
</mapper>
